{
  "Author": "Paparogue",
  "Name": "RememberBufffood",
  "InternalName": "RememberBufffood",
  "AssemblyVersion": "1.0.0.0",
  "Description": "Remembers people to eat bufffood.",
  "ApplicableVersion": "any",
  "RepoUrl": "https://github.com/Paparogue",
  "DalamudApiLevel": 9,
  "LoadRequiredState": 0,
  "LoadSync": false,
  "CanUnloadAsync": false,
  "LoadPriority": 0,
  "IconUrl": "https://cdn.discordapp.com/attachments/695506857145532457/1129405551042904074/noviceinv_64.png",
  "Punchline": "Remembers people to eat bufffood",
  "AcceptsFeedback": true
}